firm_crd,existing_firm_id
104343,320136c9-1ac3-4529-b635-7d72cc73c99c
106184,c448748f-417b-43d6-8ce8-3c78525f5d97
106962,24b34796-6044-4dc3-a225-6e591129bfde
107129,b9db5489-2856-485e-96e6-bfbd9498314c
110188,624940b0-f130-48ee-9307-ad1c364e7882
110484,a69c8511-0c5d-4448-a8f7-6c630504564b
110972,f22ca336-f6f4-4104-9df6-b4a6b9d812ad
111009,860d32b7-e7b8-4260-ba99-34f32b596c55
111716,854fb4e9-b66d-4ad2-aac3-e630099a2155
112365,b2086fd4-e793-40c3-a6fe-5e18072a62be
113027,1bb877d9-a162-49c6-ac09-9da1ca612fbb
113249,76652144-226f-4668-8512-e831f8257bb0
113338,7650050a-2c55-42ca-97ac-b7b641f77ec1
113421,ef048687-a17f-43ec-b5e3-2ff9a594e4ec
113717,9c5432f3-e18f-4954-8b20-9e7d6d51a3b7
113822,20a936c1-0803-4df7-8a9a-210840295851
114455,8f322fdc-a7fe-4322-9393-9ec8e5d5dbe3
114558,c5788601-08e5-4cd9-9954-47bc823b4f77
115378,868bac5a-6732-434d-9fe1-b136d3679035
116149,7bf1d23a-36eb-48b8-89c3-a4298419471e
117177,7739257a-3d91-40cb-b6c5-b33c1829e820
117401,518154b4-27bc-4f9d-914a-09a4f27a5ecc
117485,5b3ee8a6-0441-4fd8-8347-d707a16f18cd
117491,2310d555-d9d2-4d44-9599-633d54ab9a27
118025,055be0a5-6516-4bef-84e3-e6c4ec7c4b0f
118358,baa2d0e0-0f50-4842-b1da-8ea4c7ae68a5
118684,608fb1db-c235-4329-8fbb-5f50bdc5878d
119667,ad66e44b-68a9-45d0-91c0-f42460c65aaa
119933,d87eec45-a566-4aef-a0d4-f0962628970e
119952,577c878e-de71-4867-86f3-d8ea14ef7633
120054,803588f9-66c5-4db5-8b69-17289fe3cdc2
121045,244f88b7-4c70-49ee-a301-cc665066878b
121167,885f626b-3665-43b2-ae2d-87b139d90a24
121196,a7e42082-4a57-421c-b4ed-cc7001f5edad
121201,5d276ace-afcd-4d05-992d-fe8b5cf995b7
121206,73207ee5-82e6-46d1-9f6d-16201b193a99
121239,7f2f3095-db82-48c3-8039-bf79c9863156
121519,f6d68955-d3e8-43e3-92c7-c38cdcf25cc1
121992,a515676a-06cf-46cc-81d7-63693bbd3ccb
122278,8a4fc279-caa1-490f-b993-0f3542d7af7c
122383,846c5267-643a-4ece-b8e7-78950bcf8b95
124302,d5b4ade8-1f9b-434d-8929-2fb824d4045f
125071,79e0ef29-746d-4735-abd0-486e5eaa5232
125367,7eafcc5b-1b24-454a-aa5c-6ca8bdeff193
126178,8b78728a-68c1-49f4-9ebc-0884d42b9ce8
127313,2acba3fd-6529-46a2-a347-c618a5cc1fe1
127591,09ca9fcf-3e62-4eda-86a9-694ce41f1644
128227,7cd813c2-4bdd-4943-9014-7ca5f54802c5
128362,6384d1bf-9c2a-4928-8b1f-8ef2d0142ce1
128395,fbd0e368-640f-4292-a54e-c100092ab8a9
128659,42efebfa-1b2c-43c7-807a-e46a36089d68
128920,5807cf1e-58af-45e1-846e-cc93f544966a
128940,65f3a7f3-838e-4149-aaa9-310a2cb4df48
129164,2f3f718a-8f75-4616-9e46-b0135e6b175e
129350,4004768d-dd60-4514-a553-8367fbce8e27
129367,4683be6f-ee96-452e-bfec-f3935094d819
130996,25aa0a92-b584-4e02-86d4-27c28f58fb7a
132562,86bdc2cc-d012-4d8f-ba6b-2be12d0e04a6
134502,f15afda8-dc3d-45aa-b5e5-7f86b87ed343
13478,8b0bdb1c-0c48-4d93-9e55-b63f487b51ac
134849,d564ae9c-42ed-4621-86f8-3937252630b8
134943,055da6a1-29c3-49f6-be7e-96675284b5eb
135866,245940c0-004e-46ea-ac3c-229030671d81
136465,ff05803d-fb79-4589-94a1-e07d9204501d
137001,64235744-1a0a-4d01-9415-658fb6228553
137073,20cbc68e-41a8-435e-9ac3-067b218cf398
137159,ac01bd3a-901a-4b85-b10e-2c03b85e5b6c
139403,9b6e3ea6-c30d-410c-93be-146a0f2fbf64
140180,e5833d2e-6d12-4ce4-bf8c-ed34a73d0835
140247,49e9f3f2-67ae-48cc-ae35-9a91a324c719
140285,ede89edd-056a-40c8-aec0-0c10562ce390
140379,e78df296-ff32-452e-86cb-f9cd4f58dcef
141456,b0f9453c-772e-4abc-b07c-945eb5383146
141533,ade7aaee-0f81-4078-99d6-8e000d531341
142098,a1369f7c-abde-4ff0-a714-cdb294c62552
142323,485b6134-899b-4cde-999a-216f01958828
142335,066e8cff-595a-4576-a2cb-567cfd98d0a0
142438,8a13e491-f404-4815-b1b7-b76b136ce548
144340,c72e9a0a-1ef0-493c-997e-6404dcc30f88
144579,7218be63-1e62-47dd-b5ad-5e664f063511
144741,831edec4-ac52-444f-abd3-b6c9cde4b91b
144894,aaf89d59-e1e1-4383-bf94-bb9d0370148f
145231,4d1a88f4-4668-408a-b605-77125c55d1cf
145239,5570a423-b9e9-41e7-b0bb-bfbd71a10d97
145855,7354f4ef-8ac5-419d-b44a-d8b641efa059
146227,a5ef9ad9-54a0-4a35-8834-b2aeecaffdca
146264,ac25c975-e0b3-45b4-b320-74134479512f
146611,9ad67e8a-6b61-4b0e-89fe-301525c844a5
147038,d3a18817-d9f9-4298-b2ea-8b9354695a0e
148139,329b15c4-9280-4851-be30-75eeb2fe0347
148733,f194eedd-c645-45eb-9caa-29d1d68f9a26
148787,f66345e2-ed29-4360-8e32-b6e88ec3407e
149388,75dc00e8-0818-409b-8a5a-33405245aeb5
149627,37c74bbd-9df8-4f81-9e49-25854d79153c
149871,4e14e8ff-bc4a-463e-9be0-0850e36b6ed4
149934,067db8d4-60db-46fc-a6c8-4ae2922e2517
150102,d96109fc-530e-4331-a05a-125a0c150831
150517,ab6a9de3-c976-4128-9cee-f39beab2b250
150717,62d91b0a-06a2-4efd-925c-c4916db39ccc
150960,3cf5a3cf-6e0d-4c09-84a4-41e5eeab5204
151051,e2ddf943-8f6f-42c8-9d72-52d5c2765eaf
151123,7b2fa460-1d83-4f20-b4ae-389ad897da00
151292,f878c269-d238-4bbd-890d-5c322576c109
151309,157b73e2-13a2-46e6-aaf3-f084a5bcec42
151596,f40f42a5-6722-4c53-9c92-4a1888b8543b
152210,248a5bdd-31d2-4a90-ab1f-f2012d4a1a7d
152286,20d46406-d13c-4522-8573-e8fd28d91ea5
153250,cc1ca22f-ef5f-4477-960e-80c37e2aff32
153404,fbfc9f13-9bce-4261-904d-1868efce8955
153420,ce8a0e5c-1890-4ff3-99f4-4ccc19c2fc3a
153607,7b179c93-e138-412e-a768-23f991662399
153663,14418433-7af8-477e-9e4c-9cf65c919b97
15407,e7c69731-a271-4b4a-ad7e-284f2b475148
154086,009be7f0-35fc-4024-babc-10d3061640e2
154188,c4419be6-c37b-4ff5-ad76-c9315c8e6090
154469,e44b5df5-764d-47e6-8c7e-d91ae058a4e4
154819,0431dcc9-ce2f-4ef5-b518-4bc59b409556
154906,14743428-89b1-49e7-98d0-28bec46f2832
155088,2955a2b8-abd2-4d53-a563-15e8e78ff719
155455,3ba8c604-0934-410d-89d4-967d59bcdcb5
155475,8fcf3b40-f386-4d4f-b215-27441984e36f
155494,393a03c7-7f0c-47a0-b5e2-69747e4c1c77
156160,32e00f97-454a-457d-8ff9-4d09e0404fd9
156541,fbfa4760-a5ed-4a20-ab98-751955ddebbd
156554,9b515fae-8d6d-48da-b949-9b1b9f19a960
157173,ad846a37-a070-4722-81ac-ed07761196a0
157441,2c3927e2-853a-495b-9609-df7352914453
157960,ce1b8294-68c3-4557-a448-791453afab4e
158275,2c8e8070-54c9-4088-8b27-c3f805d037a6
158357,a442b81b-c771-4c4a-a078-d85bae980f2e
158631,92ad3a3d-ba48-43b2-876f-6423e095931e
158732,eec1ab22-3576-4728-b505-1a56059f56d4
159060,00905247-dbbe-401d-a5f9-41d140a0fc03
159583,57575531-beaf-4a9d-ac2d-cc718a4f4dce
159809,fd48cb80-91a5-416f-9063-0dd0894e7a24
159934,6b68e07d-83b1-4cf7-9131-9534d6b14229
160649,82f29300-db1b-42e6-af80-eb66f910632d
161355,44201728-e6f7-453b-b59c-64a5d04dfd5d
161389,86de0cf4-552c-4fa7-9524-31c1ca32812c
164009,e6e35cbb-bb1d-4597-a6e9-fe8a9136946f
164111,595dae39-d7c9-4d47-b535-be1336ad8623
164471,e1e74ec1-0df8-492c-b3b2-5bacb154c45c
164776,b6eeca50-91a9-4c07-a49b-5208eb34b591
164912,7de94a9a-416f-4d71-b15e-bd7e13e474c1
165702,8035f9b8-2073-462d-baf4-e53a1253f729
166444,930cd87b-56df-45e7-91e1-bd8e09b04fef
166461,42e37373-9d4b-4aa9-9023-927fc0ec54ee
166470,7d1fca69-ab4a-45e1-8c5f-2812de34e8c4
166538,e3568a9d-7e6c-413e-8cc9-483cb65bd32d
167592,4ee83701-9709-4c22-9d0b-51df10bab340
167656,db0ba5d4-fb04-4609-82ed-5e2c46433296
167661,20f8a4ba-f546-4164-bd2c-b3a8a98ba3d2
167663,db6609d4-35e2-4d98-8199-5b13656b95f8
167696,c96759f6-7637-4c8c-8303-7616825ed161
168117,8914a1b7-747d-4a39-8396-0d6248ee203f
168312,cb5e3306-eccb-4ab2-8aaa-175488f293c4
168393,4082a887-bc85-433f-8268-18bdda9e6eb8
168483,78acee51-f4dd-477d-940b-e77675b6db69
169551,7ee88386-6bb2-4dca-a88e-60cecb2a6c46
169637,b23c6c7a-44d3-46c4-bad7-d189161317ee
170170,13650ada-9388-49e1-8048-634c5f3aff3a
170662,2ca2bab2-77d0-4042-ac1c-4cef373637d5
170734,c5d49e4b-31ae-46b9-a813-e605c00f57e6
170859,8d4657f3-e02f-42e3-bea9-7306740b2555
170887,378d999c-b017-4e72-a3e2-6609d8a0b275
171275,41a185fd-4968-40ba-aa0f-5d5b762867ee
171285,bf078e85-ca31-4783-88f5-280bbc61ec65
171780,9aa92ade-d504-4e00-b8ce-02302283a936
171788,481217fd-b860-47a9-a769-c3159bcb065f
171939,ab1372e0-9e78-4c9e-bf1d-13cc438f3422
171944,a63aab9a-05df-46e9-a013-1e86900cb5bc
171985,5a5de5ff-3ded-4c2a-a514-bd151aa22e9a
172528,b4533808-c020-4bd0-93f6-239a75d39a9e
172715,388a6e28-06ba-47e6-b924-005f7480ba6e
172728,aed6253a-12f7-45fc-b1dc-14edb02f9a1b
173131,87ca8845-3909-4855-ac4b-6544f1b7e26c
173224,c5cb9d53-31f3-4e3e-ab3a-be1306ce7090
173307,44a598f7-e325-4dd5-a449-6a00b46e393a
173319,8a2f36c5-24a4-4944-b435-16e198c10eb5
173809,334e5ce5-6b91-45c9-a611-f66144b6479e
174038,dc65b8ec-4e1a-4cbd-8ae3-582f1f4ebd3f
174160,fb9d0abf-a437-4c49-85eb-5ae9e83ae39e
174385,0bbc7988-271c-4e56-be0a-4c0d9cee2368
174569,6480aca7-d234-4506-992f-1b7c725da49d
175055,48e81aa2-3aea-4f8f-a99e-2e700e904ffe
175072,9cfa40fd-673b-4bd7-973b-9c71b71f20dc
175105,a93005d8-a87a-4524-a3d9-dd293571bf19
175181,d537f001-466c-4e98-bd8a-d273713c8aba
179535,ec5c98ba-9117-4200-91b2-e40859f1f6b2
212513,9b226c8d-3a92-4714-9390-61eb5373b984
217513,baf9a5ad-b54a-4945-85e8-e5558f3b3707
221526,432b02e6-7640-4048-bbb5-fe913bf98eaa
226560,8cd0a54f-6b7d-435b-b902-a5fb7ae40909
241793,cce94cbd-458a-4965-88f2-0ca029ad960a
257787,285116e0-a312-4aa9-8d21-05d3e1f0bd90
26193,55478476-d3aa-4d86-bbe1-a4080efb1ea9
268808,54f68eda-8b7e-48b3-b181-62de1fa34037
268825,2e2dc936-f31f-4b95-8d22-6d23914566ec
269826,8358ca23-b228-4a50-89aa-a2b0c4409379
281027,7f3abc17-efc4-431c-b643-c0ae431c7e49
281087,7527051b-e171-497d-ae6c-596d76a0b549
281206,7c193aa4-1ad6-4a7b-a8d6-04b4894fe629
281539,3da96c26-13d8-42fe-87ff-d030a0bc6d8a
282087,ffa1311b-35ff-4969-943b-a5410f927804
282209,36d547ad-25b6-4a34-97de-b2c3a3429d52
282230,b82c673a-8ea7-4b26-b6d3-4a4191bdca7a
282548,c3a6ebd2-7051-47ef-bc7e-ab6e61cb645a
282691,996ce41f-2348-4529-a7dd-3c396b8fd8db
282770,74e7cd20-3dbf-458f-b740-91b555078ace
282856,83b15a51-bd5b-4886-bf78-f2731b888b49
283082,fda2a330-155d-48b1-b1ce-a2c653dde0ec
283119,6483e909-39e3-43fd-a77c-ef9c893d8385
283152,e54138af-5283-45c0-97df-e9033beda9a5
283201,e59a290a-503c-454b-ac2c-0721c879476e
283352,8009462f-e619-49ef-b4d2-0accb48c5414
283420,6b93ed08-bcae-40c3-9688-d7a239558981
283773,249fd420-6d0d-48ae-85cc-32b774c66680
283911,55d19ed1-58e5-40da-b9dd-73e43a927403
284297,98541a94-e589-4286-9cdd-e7cc1e2a5de2
284628,acbadf30-8295-491e-9d25-64f9700f34d2
284745,bfbbc67c-aa2b-4fa7-b7d9-794955c3ae85
284872,47f1c526-1223-4594-82d4-30f757f23075
285131,10e14d54-fc1f-4899-9c46-d1040dc93108
285358,5ad5eec9-d2ad-4c11-a4cc-0216710c90b4
285443,79e6d61b-918c-4a6f-a3a0-bebe9b065b42
285715,873eb6bd-4c49-4b7c-a9c4-2ded38fe7527
285806,c2ddc3dd-a450-4972-8911-aff344e7d0f9
285898,36a027f3-2ddf-45dc-b7b2-8db68d0883b9
286134,e712666c-472e-4a4d-a9a7-7dfbbcd9da56
286157,dd4f540b-081d-4ffa-b284-802b3e9dca9f
286354,ccde2548-4708-4bae-9a9d-07014787f06d
286403,72bfc3bc-d0da-4210-a539-3f0d21cac951
287669,d1ef486b-b8e2-4dfd-815a-b57ad6af7947
288286,6f986bc0-9dac-4cec-ae4e-510492ab1162
288345,c3951245-593f-498d-92dd-63ecf87d114e
288500,90a7e4c9-c144-4d9c-ad4d-a5872b2c95fa
288529,34f49f62-9fac-4e5a-97fb-2f7c1523ab13
288761,faa6c814-9e5d-4195-87fd-6db25ac4de61
288794,8968e504-75c7-4a66-a9db-d057b10c154c
288829,cf21377f-42aa-4afa-945b-e13628b9652c
289096,e01f8bd4-4d11-46fd-995b-97f6bdc77da2
289125,ebe0486e-44a3-4225-9b2a-1ab2dcd35cd5
289340,af435bfd-a602-41fc-bb77-4b320d948d80
289347,8b559a3e-4ddd-4391-9ae1-9e6e9328d90f
289853,0c5322a2-0c0a-4ca7-b4de-b1429970015a
289952,2be6a4dd-041d-4ed1-9941-cda62babdac7
29037,b8631e95-42d7-42a2-bc46-a321ed677c72
290930,e4f6a8ae-bf53-4273-bc99-37685758702f
290938,4fe824ef-68d4-4ce0-b206-7b44d35bd1c3
291399,c1bf5cc4-a0c8-42d0-9544-459685a7f212
291661,b14d4bac-58c9-4148-9751-70e72acd316d
291698,cfbb21d6-fdf9-4bba-a995-d2c3b16eefb7
291812,076a5394-75d3-4bfd-92fd-e8d28b9e29df
291911,bd421cfc-e6c9-43be-824a-840d41b182bb
292023,efc111b3-a1a3-4755-8662-0e8235f2a9cc
293331,a4a45226-abb8-4f87-b6cd-fb383f1350ee
294098,33737735-fc7a-4ee2-a64f-10919bb9b0c1
295689,7317f341-6654-418e-b98b-1ddaa709f785
296855,28080bfe-adb3-44e7-adc8-a873a025a0ef
297199,049b0436-2cd8-4aa6-a555-95bba26ec2ec
297330,401b2e6b-e50a-4b47-a88e-dd8991af5759
297423,229d6265-c281-4930-a171-2680411137b7
297528,69e4821f-5b13-43ca-b4c4-d452ade04c40
297580,708b7fa2-4214-4626-8c2e-4006f6c8d09a
298277,2d38c199-dd8c-46ab-9b58-845ef4837de5
298396,4aaf2669-2973-4e23-83d9-c129713cb10d
298746,9b9f5616-b6aa-4bf3-bc18-fb4e0e38b0ba
299833,8cec965a-8e1a-4eca-b899-17e11812b620
299885,28a3bd03-e7dd-47e4-80df-38be8a9c6e2c
299891,760fc8e3-7cc5-45c1-93d9-1d7651c3c99b
300031,ac67caed-0f27-4e12-bf49-88f280eb76f9
300405,acc6b7e8-0626-45f2-b76f-fefca59aa450
300771,a1befe67-e839-4e8e-bb22-70d55e46c218
300779,87087c2a-fd58-4185-938a-d8efc83e6787
304118,8b6eb5ad-cd2f-4c23-a451-78905c1e3f1e
304695,2205c23b-88b7-467e-9579-b8c8bd07a646
304860,c212e350-3de0-4707-8c04-050265cf3be1
305172,ac96e5c5-450e-403d-b97e-a84e3606ecb9
305267,0c2522a3-4bcb-4656-9512-c09fe9592c4a
305482,d8bf9772-a2d5-4359-90fc-ac224f987e34
305807,9f959785-883f-4540-ac19-ab7c0b8fa9f5
305906,b654976d-d490-40e4-9888-4872aba8ede3
306196,e37dbaa4-8476-4078-b100-4f77f13ba3c7
306300,1f16ac7c-d0d1-4f14-9470-7af81b088cae
306303,12d6a545-8a5e-465b-afa0-d027d15c0c2d
306521,eeffe83c-31cb-47ee-8d26-58779e702bd1
306575,af535ebb-8450-4827-84be-48d4517af607
306690,bfd61bf8-f7f2-4915-9d59-8a3229d6c697
306763,cd2dda34-5f92-4fd2-9fa6-f3f40a64cd8c
306770,8ee2498e-9b41-4eb4-896b-5a3f47faa62e
306933,47ce573a-e219-4fe9-8945-f76a5d26aece
307283,5474006d-85d7-413f-9db7-a05441329aef
307530,0e9f1ea0-cb9d-4285-979e-e92580478a36
308157,5a395c9b-8812-47d1-9cdf-3a195f80d1bd
308391,e5014c8a-31c6-43a9-b930-2f498bbaa159
308877,7bfece3b-52c8-4196-84b4-e8375b0b0c00
309104,a45e9aee-6bd9-4f59-8543-5dccbd43ab05
309117,c3143a11-6b67-40ac-b3d8-d51c52f9908c
309164,fb120179-babe-434e-a62a-c1362969471d
30933,6ed581d7-1e9e-45c4-8a18-48803ba7392d
309396,59fba0ca-0355-4d26-bffe-6c6ec72a4d76
309636,aba53f42-bae9-443a-a01a-f851b0f42b93
309689,31ee4e3d-dcfb-4310-927e-e2935cb91847
309772,7406ce1a-08d8-46a8-85f3-49df5337235a
309996,7431ab7a-a42b-4677-be7e-07df8b199488
310134,ce1e38ef-d643-49c9-a312-d87b81edfc7f
310270,08ec413a-964a-45c2-8a97-c02649e85065
310324,78ea4ee2-6540-4cb6-9fb8-0e8c724a4a67
310488,1f193344-d1c1-4176-9eec-8600d1a5ebbf
310527,f34e7532-5842-4116-a859-8af78b65c182
310668,7ddcb1f4-4e6e-4dc5-b71a-c2ccf44172c2
310869,850e9190-5432-415e-bd72-1224e593ab55
311199,f7780b75-b752-452d-abe2-32b0581cf1a7
311481,5153f055-45b7-4ac1-af09-96df2165f919
311543,546dc8e7-9bec-4960-ab5b-7cf29560fc38
311626,824ef592-0140-4555-8190-efa3c0183015
311641,6470ca5f-d3d9-4b42-b1f1-a67e3ebeaae7
312140,8ca82c0a-9dcd-4813-8a5e-28bee98927aa
312352,d2744053-9f3e-4567-ad40-18e83c56fc81
312430,cecbc514-35fa-49f7-aa54-e3a68195637c
312671,9e5edc42-70dc-4e18-9a5c-a470390748a5
312689,62a73539-3758-46ec-aba6-f476d40c256d
313133,22ec72f1-f74d-4809-9273-2f54aa44b2d0
313226,e626d77c-3911-4f09-9130-1cd6d27e7216
313232,3c8cde0a-a4cf-4bb2-989a-f1e1c82cd47a
313300,50b99be1-f574-4227-84ac-cc1d6eeb906d
313427,75116ffb-ab95-4601-8da8-771a5cf0b7ad
313698,1f52c54e-d46b-410d-aea1-7c9ad956c699
314128,16e287c5-8649-4a1b-9941-16c35e0ab1a6
314653,7e1963ac-2e4a-4a77-bfb3-9c9b71fce42c
314744,5957113f-b6f2-465e-8498-8099b41cf36f
314950,87862b14-77b6-40b1-878b-ad6c0bca4c7f
315179,807feec0-f670-41fa-a25c-29e95602cf95
315309,98a78dd5-bbff-47af-a657-5aa0e0309829
315366,a9aaee64-e672-4188-be6a-d7c1a2fa43bd
315826,2c689e61-fe49-4ac0-84de-1d5d2eb5d8fc
316222,b0f4d9f5-f1b4-4532-bd06-22d76bfae270
316253,3a009866-e470-420d-8e7e-d06775a9eda7
316432,4ae16b71-489f-4c3e-bdea-27883f384ba2
316530,c3e0fac6-b57d-4665-9abe-2f7088e7d69c
316741,66fa3b4b-7952-4d43-a78c-1d1e73fedf70
316840,41622ffc-1633-47e2-9893-664d288e0f1a
317594,3060e400-29f3-4fec-b39f-f0ab508c4284
317596,4ddf36c0-5332-4c9d-882f-07bf23ac7b7a
317626,93825c39-caa7-4c60-808a-35935deb2824
317633,54b3858b-a95d-4bb5-9038-e05174c185b3
317730,555f6aca-3da5-46b9-afea-e25c24e04b8c
317812,283727f4-be33-44c9-8199-b2fc088bfb1d
317814,c7c37911-0329-484e-a3f2-190e40a37a16
318132,a54a6ee8-97bd-4355-97f5-e090bbec4858
318147,1dbcaed6-ce98-47e0-aaf1-53b57fbb9389
318700,1e6c6014-d212-4827-9798-635c54df836b
319000,882d40c1-f7a5-42b0-9aa6-a67a7c96ad4a
319251,fd7c1ae0-dee8-412a-aa1b-7d56f2a60899
319629,f923cd44-5d58-4c37-a538-a3e262e67a76
319757,d6a7703f-3cfa-4f4b-98e8-f32616a93367
321145,2d9e709f-7d86-466f-b1aa-da950cf3f657
321169,309a6dd3-11a5-493a-86e9-e12db60bbb06
321214,14b40c2f-2681-48e6-97ba-0282835ea26e
322040,0c3f0a70-d9bb-4b3f-bb7a-5d05ede07974
322053,77e44286-20c9-4afe-a753-1c3c1aaf5bb0
322093,e438081f-d28d-4ad5-a5c7-63e759c44144
322364,263e57b4-73f8-4569-b9a3-c7fd912aa1a8
322419,37bdb8ff-ad4d-4e7a-9197-a9fb04969299
322608,bf4adeef-7b0c-4b02-9428-0e343ec8aa4e
322754,8acd1ccf-2927-46ac-8e3a-153f44617af6
322886,7f3702bb-81be-4dd2-8994-2d2b52990c68
322959,b83cb833-a10c-41d1-be14-b11c607c7d25
323065,eba208d1-58c0-4ea6-94c5-92f89b9610e9
323177,296caf57-9cb8-4208-b5e5-199bd98ef63a
323530,a63b3b9f-e525-4253-8707-8b0ef0353f32
323539,4ba84161-532f-467d-b78b-dcc062563a03
323737,2ac7f5d1-1bb4-4d80-ab76-694a4d78f204
323760,b2fd2fb1-fa6c-4539-85f5-621986a60eeb
323808,47bce04e-414a-4a77-a304-74a5bed6ab07
323816,a99fa5cf-f219-42a7-b6d9-ab279c7f3cfd
324033,282062f7-4366-4893-b2d7-05afa8337f26
324083,d98f0f69-a86a-4ce5-a278-9f6856875c30
324150,e4a5fbb5-ecf1-4877-9da7-9c32bcaca0ae
324178,2aaebe90-6564-4b15-9737-ab7b56c837be
324378,938f19a9-3a3c-48eb-9b18-f765b51b71e3
324406,af998fd0-1aa3-4c55-b3fb-9755c08e288b
324549,8bef7cd1-2c70-4234-a875-a8b2f827e8bc
324945,98645afe-e126-4a47-8c2f-c65691b7da5b
325023,6b9fd42f-a2a7-491a-9934-1eca7b28b489
325164,b25ba7b6-4466-402b-b9a4-4d0127f8da15
325196,157bb431-75e2-481e-9ad9-b8135a8af224
325335,12f38421-395c-478a-a458-563c4c803ff7
325403,4580c854-3962-4526-b288-4b5160390b0e
325559,10823b04-b10d-4d28-8ccf-8509326ab6ea
325619,07f2ffea-bee5-4a16-81b4-9427877ef5f4
325643,73ff7afd-457b-48a9-ac30-e4c98da846f7
326296,dbf9de45-c0c1-4ca6-a767-04d6d619eb1b
326311,b4fe377a-8d1a-45c3-9ab7-ec844a408ea0
326528,72c173cc-93f9-4b59-b995-9b3aa79ef90f
326972,023a61b8-4f24-4876-9c53-32e95b733cac
328074,84d737bb-666b-4ad6-8ec7-fc6ddb6aebb4
328107,4af6022e-5878-4e7c-8718-6d851622eb08
328165,135123bb-87aa-44f3-bbde-24bbaac6e0f3
328254,ad738cbf-7cb3-4a7b-8cc5-0371c60140d9
328271,81419112-3f50-4d51-9b03-8dea175bbf2d
328854,93185b09-7c09-4759-abe1-1ae8c96ee8cf
328886,de4bd035-03a0-4511-9fe2-172a9da03fb1
328929,67a2540f-8ea0-4c8a-87ff-936016962dfd
328986,6bd58ab1-2420-4ba4-8dd7-fc021d98e1e2
329132,7a6338d4-fb6f-4318-b67a-a0ac4c24e423
329169,b89a4e4d-489a-4295-90db-ab2145ae191c
329346,a209ab06-451c-4ed5-bb8d-1cd8c1b498e0
329454,2e4a89f0-3636-44a7-9798-b6dd5addfc00
329490,9b8b97d5-ee8e-49cb-bae3-2be980602f85
329502,1dcd2b69-f063-4146-ba09-8db893b7df1f
329760,68a5440d-1b96-4487-888d-fc67e60dfc19
329782,f2443304-4cca-4bcb-9950-25d48803cdbd
330048,2f27fe4f-c454-452e-885f-85e69f4604cf
331046,f708b653-1dcd-47b5-8627-541fe6f0223a
331376,be9b8828-b642-4e16-b4fd-1e874a194ffb
332216,86c31e95-c829-4111-9a2a-3e72f3c4a09c
332333,3557ce38-1ce6-474e-acf4-05d1f2191ceb
332358,b1dae5c7-509b-4f1d-a2ea-1b23dc0968ac
332634,8aaf48a4-8e3f-4ea0-aadc-6d0f40c22cfe
333053,ff962ade-a11c-46cf-b471-5ed2e83ce71d
333070,3f2ec11b-4a2f-42ab-97b4-2f303478caeb
333173,3e6b4326-2474-4acf-bd46-807b1b6994d5
333387,6f6ffc15-ca39-4aca-909a-ffbd7f7ecb6b
333561,7122fd99-abd9-44f0-8084-76d0d80d13c2
333892,4aa0e205-f13e-448f-9035-04132f7eb2ac
333997,5ce697ab-8af6-4e7d-bda5-16b843a4bb54
334391,7bb18133-a9d9-49b2-ae42-fe231635e28d
334443,9a3f61a8-4f7a-4daf-aa14-5e00dea399eb
334641,8874fddf-be79-4c59-a202-e52f33e78c2c
334672,493c348c-18da-4311-9c30-eb64841e12dd
335185,ea12dbbd-bea5-4aa6-b084-350982cd6fad
335792,c82f21cf-132a-4247-ae8f-3133cfc2529f
335904,f31cc5bd-1dbc-4b30-be44-774dca927b2f
336137,72f35297-153b-4626-938c-673d49c01508
336626,db6ad8c2-fad5-4eb6-92e3-7677c884ac5b
336806,33d2592f-9d42-4282-95c3-8182fc2e2676
336823,35d46568-8d43-404e-a861-18d921a18d0c
337399,663fec4c-5f6e-4937-bf80-f93443f08f8d
337428,cf2509ef-2ab4-46e3-b337-c2b86cbdebc2
337524,cfba717d-a35f-4568-9449-16a40db6bdab
337681,a5394631-4875-4c46-b850-bf3c2cb3095f
337777,19a95553-3ac4-4587-862d-75dfce7d1234
337830,9344187b-683b-4da4-9542-238a1a02ff2a
338193,e068240b-d35f-4fdd-adb7-949e03863f73
339119,83179295-3aed-41d5-916c-713412358468
339336,3cc1675e-272e-4585-9fcb-2c63045eedc1
339678,97a3a8e5-b35f-4017-83be-5a7ed8077830
340734,b18cf85c-fb21-426b-b0c0-b5f42905af16
342827,d93cde47-c80b-4ae3-be35-755c157a06f8
342921,1c8cadce-5a36-4f84-a3d4-08a172ab8598
36644,be804fbb-e561-493a-8406-36c7b72c0fde
38619,0f6b1a72-118a-4090-afac-e479528aa6f0
44971,2d836a7d-bf36-4227-9f5d-40bbbdbb2d89
7462,1e6483d3-2fc0-4956-b554-21b7f934ecd7
8052,db9d11e8-64b8-494b-a3f0-5f9608c794ab
